photo_id, style_id, url, thumbnail_url
1, 199, http://lorempixel.com/640/480, http://lorempixel.com/640/480
2, 199, http://lorempixel.com/640/480, http://lorempixel.com/640/480
3, 198, http://lorempixel.com/640/480, http://lorempixel.com/640/480
4, 198, http://lorempixel.com/640/480, http://lorempixel.com/640/480
5, 197, http://lorempixel.com/640/480, http://lorempixel.com/640/480
6, 197, http://lorempixel.com/640/480, http://lorempixel.com/640/480
7, 196, http://lorempixel.com/640/480, http://lorempixel.com/640/480
8, 196, http://lorempixel.com/640/480, http://lorempixel.com/640/480
9, 195, http://lorempixel.com/640/480, http://lorempixel.com/640/480
10, 195, http://lorempixel.com/640/480, http://lorempixel.com/640/480
11, 194, http://lorempixel.com/640/480, http://lorempixel.com/640/480
12, 194, http://lorempixel.com/640/480, http://lorempixel.com/640/480
13, 193, http://lorempixel.com/640/480, http://lorempixel.com/640/480
14, 193, http://lorempixel.com/640/480, http://lorempixel.com/640/480
15, 192, http://lorempixel.com/640/480, http://lorempixel.com/640/480
16, 192, http://lorempixel.com/640/480, http://lorempixel.com/640/480
17, 191, http://lorempixel.com/640/480, http://lorempixel.com/640/480
18, 191, http://lorempixel.com/640/480, http://lorempixel.com/640/480
19, 190, http://lorempixel.com/640/480, http://lorempixel.com/640/480
20, 190, http://lorempixel.com/640/480, http://lorempixel.com/640/480
21, 189, http://lorempixel.com/640/480, http://lorempixel.com/640/480
22, 189, http://lorempixel.com/640/480, http://lorempixel.com/640/480
23, 188, http://lorempixel.com/640/480, http://lorempixel.com/640/480
24, 188, http://lorempixel.com/640/480, http://lorempixel.com/640/480
25, 187, http://lorempixel.com/640/480, http://lorempixel.com/640/480
26, 187, http://lorempixel.com/640/480, http://lorempixel.com/640/480
27, 186, http://lorempixel.com/640/480, http://lorempixel.com/640/480
28, 186, http://lorempixel.com/640/480, http://lorempixel.com/640/480
29, 185, http://lorempixel.com/640/480, http://lorempixel.com/640/480
30, 185, http://lorempixel.com/640/480, http://lorempixel.com/640/480
31, 184, http://lorempixel.com/640/480, http://lorempixel.com/640/480
32, 184, http://lorempixel.com/640/480, http://lorempixel.com/640/480
33, 183, http://lorempixel.com/640/480, http://lorempixel.com/640/480
34, 183, http://lorempixel.com/640/480, http://lorempixel.com/640/480
35, 182, http://lorempixel.com/640/480, http://lorempixel.com/640/480
36, 182, http://lorempixel.com/640/480, http://lorempixel.com/640/480
37, 181, http://lorempixel.com/640/480, http://lorempixel.com/640/480
38, 181, http://lorempixel.com/640/480, http://lorempixel.com/640/480
39, 180, http://lorempixel.com/640/480, http://lorempixel.com/640/480
40, 180, http://lorempixel.com/640/480, http://lorempixel.com/640/480
41, 179, http://lorempixel.com/640/480, http://lorempixel.com/640/480
42, 179, http://lorempixel.com/640/480, http://lorempixel.com/640/480
43, 178, http://lorempixel.com/640/480, http://lorempixel.com/640/480
44, 178, http://lorempixel.com/640/480, http://lorempixel.com/640/480
45, 177, http://lorempixel.com/640/480, http://lorempixel.com/640/480
46, 177, http://lorempixel.com/640/480, http://lorempixel.com/640/480
47, 176, http://lorempixel.com/640/480, http://lorempixel.com/640/480
48, 176, http://lorempixel.com/640/480, http://lorempixel.com/640/480
49, 175, http://lorempixel.com/640/480, http://lorempixel.com/640/480
50, 175, http://lorempixel.com/640/480, http://lorempixel.com/640/480
51, 174, http://lorempixel.com/640/480, http://lorempixel.com/640/480
52, 174, http://lorempixel.com/640/480, http://lorempixel.com/640/480
53, 173, http://lorempixel.com/640/480, http://lorempixel.com/640/480
54, 173, http://lorempixel.com/640/480, http://lorempixel.com/640/480
55, 172, http://lorempixel.com/640/480, http://lorempixel.com/640/480
56, 172, http://lorempixel.com/640/480, http://lorempixel.com/640/480
57, 171, http://lorempixel.com/640/480, http://lorempixel.com/640/480
58, 171, http://lorempixel.com/640/480, http://lorempixel.com/640/480
59, 170, http://lorempixel.com/640/480, http://lorempixel.com/640/480
60, 170, http://lorempixel.com/640/480, http://lorempixel.com/640/480
61, 169, http://lorempixel.com/640/480, http://lorempixel.com/640/480
62, 169, http://lorempixel.com/640/480, http://lorempixel.com/640/480
63, 168, http://lorempixel.com/640/480, http://lorempixel.com/640/480
64, 168, http://lorempixel.com/640/480, http://lorempixel.com/640/480
65, 167, http://lorempixel.com/640/480, http://lorempixel.com/640/480
66, 167, http://lorempixel.com/640/480, http://lorempixel.com/640/480
67, 166, http://lorempixel.com/640/480, http://lorempixel.com/640/480
68, 166, http://lorempixel.com/640/480, http://lorempixel.com/640/480
69, 165, http://lorempixel.com/640/480, http://lorempixel.com/640/480
70, 165, http://lorempixel.com/640/480, http://lorempixel.com/640/480
71, 164, http://lorempixel.com/640/480, http://lorempixel.com/640/480
72, 164, http://lorempixel.com/640/480, http://lorempixel.com/640/480
73, 163, http://lorempixel.com/640/480, http://lorempixel.com/640/480
74, 163, http://lorempixel.com/640/480, http://lorempixel.com/640/480
75, 162, http://lorempixel.com/640/480, http://lorempixel.com/640/480
76, 162, http://lorempixel.com/640/480, http://lorempixel.com/640/480
77, 161, http://lorempixel.com/640/480, http://lorempixel.com/640/480
78, 161, http://lorempixel.com/640/480, http://lorempixel.com/640/480
79, 160, http://lorempixel.com/640/480, http://lorempixel.com/640/480
80, 160, http://lorempixel.com/640/480, http://lorempixel.com/640/480
81, 159, http://lorempixel.com/640/480, http://lorempixel.com/640/480
82, 159, http://lorempixel.com/640/480, http://lorempixel.com/640/480
83, 158, http://lorempixel.com/640/480, http://lorempixel.com/640/480
84, 158, http://lorempixel.com/640/480, http://lorempixel.com/640/480
85, 157, http://lorempixel.com/640/480, http://lorempixel.com/640/480
86, 157, http://lorempixel.com/640/480, http://lorempixel.com/640/480
87, 156, http://lorempixel.com/640/480, http://lorempixel.com/640/480
88, 156, http://lorempixel.com/640/480, http://lorempixel.com/640/480
89, 155, http://lorempixel.com/640/480, http://lorempixel.com/640/480
90, 155, http://lorempixel.com/640/480, http://lorempixel.com/640/480
91, 154, http://lorempixel.com/640/480, http://lorempixel.com/640/480
92, 154, http://lorempixel.com/640/480, http://lorempixel.com/640/480
93, 153, http://lorempixel.com/640/480, http://lorempixel.com/640/480
94, 153, http://lorempixel.com/640/480, http://lorempixel.com/640/480
95, 152, http://lorempixel.com/640/480, http://lorempixel.com/640/480
96, 152, http://lorempixel.com/640/480, http://lorempixel.com/640/480
97, 151, http://lorempixel.com/640/480, http://lorempixel.com/640/480
98, 151, http://lorempixel.com/640/480, http://lorempixel.com/640/480
99, 150, http://lorempixel.com/640/480, http://lorempixel.com/640/480
100, 150, http://lorempixel.com/640/480, http://lorempixel.com/640/480
101, 149, http://lorempixel.com/640/480, http://lorempixel.com/640/480
102, 149, http://lorempixel.com/640/480, http://lorempixel.com/640/480
103, 148, http://lorempixel.com/640/480, http://lorempixel.com/640/480
104, 148, http://lorempixel.com/640/480, http://lorempixel.com/640/480
105, 147, http://lorempixel.com/640/480, http://lorempixel.com/640/480
106, 147, http://lorempixel.com/640/480, http://lorempixel.com/640/480
107, 146, http://lorempixel.com/640/480, http://lorempixel.com/640/480
108, 146, http://lorempixel.com/640/480, http://lorempixel.com/640/480
109, 145, http://lorempixel.com/640/480, http://lorempixel.com/640/480
110, 145, http://lorempixel.com/640/480, http://lorempixel.com/640/480
111, 144, http://lorempixel.com/640/480, http://lorempixel.com/640/480
112, 144, http://lorempixel.com/640/480, http://lorempixel.com/640/480
113, 143, http://lorempixel.com/640/480, http://lorempixel.com/640/480
114, 143, http://lorempixel.com/640/480, http://lorempixel.com/640/480
115, 142, http://lorempixel.com/640/480, http://lorempixel.com/640/480
116, 142, http://lorempixel.com/640/480, http://lorempixel.com/640/480
117, 141, http://lorempixel.com/640/480, http://lorempixel.com/640/480
118, 141, http://lorempixel.com/640/480, http://lorempixel.com/640/480
119, 140, http://lorempixel.com/640/480, http://lorempixel.com/640/480
120, 140, http://lorempixel.com/640/480, http://lorempixel.com/640/480
121, 139, http://lorempixel.com/640/480, http://lorempixel.com/640/480
122, 139, http://lorempixel.com/640/480, http://lorempixel.com/640/480
123, 138, http://lorempixel.com/640/480, http://lorempixel.com/640/480
124, 138, http://lorempixel.com/640/480, http://lorempixel.com/640/480
125, 137, http://lorempixel.com/640/480, http://lorempixel.com/640/480
126, 137, http://lorempixel.com/640/480, http://lorempixel.com/640/480
127, 136, http://lorempixel.com/640/480, http://lorempixel.com/640/480
128, 136, http://lorempixel.com/640/480, http://lorempixel.com/640/480
129, 135, http://lorempixel.com/640/480, http://lorempixel.com/640/480
130, 135, http://lorempixel.com/640/480, http://lorempixel.com/640/480
131, 134, http://lorempixel.com/640/480, http://lorempixel.com/640/480
132, 134, http://lorempixel.com/640/480, http://lorempixel.com/640/480
133, 133, http://lorempixel.com/640/480, http://lorempixel.com/640/480
134, 133, http://lorempixel.com/640/480, http://lorempixel.com/640/480
135, 132, http://lorempixel.com/640/480, http://lorempixel.com/640/480
136, 132, http://lorempixel.com/640/480, http://lorempixel.com/640/480
137, 131, http://lorempixel.com/640/480, http://lorempixel.com/640/480
138, 131, http://lorempixel.com/640/480, http://lorempixel.com/640/480
139, 130, http://lorempixel.com/640/480, http://lorempixel.com/640/480
140, 130, http://lorempixel.com/640/480, http://lorempixel.com/640/480
141, 129, http://lorempixel.com/640/480, http://lorempixel.com/640/480
142, 129, http://lorempixel.com/640/480, http://lorempixel.com/640/480
143, 128, http://lorempixel.com/640/480, http://lorempixel.com/640/480
144, 128, http://lorempixel.com/640/480, http://lorempixel.com/640/480
145, 127, http://lorempixel.com/640/480, http://lorempixel.com/640/480
146, 127, http://lorempixel.com/640/480, http://lorempixel.com/640/480
147, 126, http://lorempixel.com/640/480, http://lorempixel.com/640/480
148, 126, http://lorempixel.com/640/480, http://lorempixel.com/640/480
149, 125, http://lorempixel.com/640/480, http://lorempixel.com/640/480
150, 125, http://lorempixel.com/640/480, http://lorempixel.com/640/480
151, 124, http://lorempixel.com/640/480, http://lorempixel.com/640/480
152, 124, http://lorempixel.com/640/480, http://lorempixel.com/640/480
153, 123, http://lorempixel.com/640/480, http://lorempixel.com/640/480
154, 123, http://lorempixel.com/640/480, http://lorempixel.com/640/480
155, 122, http://lorempixel.com/640/480, http://lorempixel.com/640/480
156, 122, http://lorempixel.com/640/480, http://lorempixel.com/640/480
157, 121, http://lorempixel.com/640/480, http://lorempixel.com/640/480
158, 121, http://lorempixel.com/640/480, http://lorempixel.com/640/480
159, 120, http://lorempixel.com/640/480, http://lorempixel.com/640/480
160, 120, http://lorempixel.com/640/480, http://lorempixel.com/640/480
161, 119, http://lorempixel.com/640/480, http://lorempixel.com/640/480
162, 119, http://lorempixel.com/640/480, http://lorempixel.com/640/480
163, 118, http://lorempixel.com/640/480, http://lorempixel.com/640/480
164, 118, http://lorempixel.com/640/480, http://lorempixel.com/640/480
165, 117, http://lorempixel.com/640/480, http://lorempixel.com/640/480
166, 117, http://lorempixel.com/640/480, http://lorempixel.com/640/480
167, 116, http://lorempixel.com/640/480, http://lorempixel.com/640/480
168, 116, http://lorempixel.com/640/480, http://lorempixel.com/640/480
169, 115, http://lorempixel.com/640/480, http://lorempixel.com/640/480
170, 115, http://lorempixel.com/640/480, http://lorempixel.com/640/480
171, 114, http://lorempixel.com/640/480, http://lorempixel.com/640/480
172, 114, http://lorempixel.com/640/480, http://lorempixel.com/640/480
173, 113, http://lorempixel.com/640/480, http://lorempixel.com/640/480
174, 113, http://lorempixel.com/640/480, http://lorempixel.com/640/480
175, 112, http://lorempixel.com/640/480, http://lorempixel.com/640/480
176, 112, http://lorempixel.com/640/480, http://lorempixel.com/640/480
177, 111, http://lorempixel.com/640/480, http://lorempixel.com/640/480
178, 111, http://lorempixel.com/640/480, http://lorempixel.com/640/480
179, 110, http://lorempixel.com/640/480, http://lorempixel.com/640/480
180, 110, http://lorempixel.com/640/480, http://lorempixel.com/640/480
181, 109, http://lorempixel.com/640/480, http://lorempixel.com/640/480
182, 109, http://lorempixel.com/640/480, http://lorempixel.com/640/480
183, 108, http://lorempixel.com/640/480, http://lorempixel.com/640/480
184, 108, http://lorempixel.com/640/480, http://lorempixel.com/640/480
185, 107, http://lorempixel.com/640/480, http://lorempixel.com/640/480
186, 107, http://lorempixel.com/640/480, http://lorempixel.com/640/480
187, 106, http://lorempixel.com/640/480, http://lorempixel.com/640/480
188, 106, http://lorempixel.com/640/480, http://lorempixel.com/640/480
189, 105, http://lorempixel.com/640/480, http://lorempixel.com/640/480
190, 105, http://lorempixel.com/640/480, http://lorempixel.com/640/480
191, 104, http://lorempixel.com/640/480, http://lorempixel.com/640/480
192, 104, http://lorempixel.com/640/480, http://lorempixel.com/640/480
193, 103, http://lorempixel.com/640/480, http://lorempixel.com/640/480
194, 103, http://lorempixel.com/640/480, http://lorempixel.com/640/480
195, 102, http://lorempixel.com/640/480, http://lorempixel.com/640/480
196, 102, http://lorempixel.com/640/480, http://lorempixel.com/640/480
197, 101, http://lorempixel.com/640/480, http://lorempixel.com/640/480
198, 101, http://lorempixel.com/640/480, http://lorempixel.com/640/480
199, 100, http://lorempixel.com/640/480, http://lorempixel.com/640/480
200, 100, http://lorempixel.com/640/480, http://lorempixel.com/640/480
201, 99, http://lorempixel.com/640/480, http://lorempixel.com/640/480
202, 99, http://lorempixel.com/640/480, http://lorempixel.com/640/480
203, 98, http://lorempixel.com/640/480, http://lorempixel.com/640/480
204, 98, http://lorempixel.com/640/480, http://lorempixel.com/640/480
205, 97, http://lorempixel.com/640/480, http://lorempixel.com/640/480
206, 97, http://lorempixel.com/640/480, http://lorempixel.com/640/480
207, 96, http://lorempixel.com/640/480, http://lorempixel.com/640/480
208, 96, http://lorempixel.com/640/480, http://lorempixel.com/640/480
209, 95, http://lorempixel.com/640/480, http://lorempixel.com/640/480
210, 95, http://lorempixel.com/640/480, http://lorempixel.com/640/480
211, 94, http://lorempixel.com/640/480, http://lorempixel.com/640/480
212, 94, http://lorempixel.com/640/480, http://lorempixel.com/640/480
213, 93, http://lorempixel.com/640/480, http://lorempixel.com/640/480
214, 93, http://lorempixel.com/640/480, http://lorempixel.com/640/480
215, 92, http://lorempixel.com/640/480, http://lorempixel.com/640/480
216, 92, http://lorempixel.com/640/480, http://lorempixel.com/640/480
217, 91, http://lorempixel.com/640/480, http://lorempixel.com/640/480
218, 91, http://lorempixel.com/640/480, http://lorempixel.com/640/480
219, 90, http://lorempixel.com/640/480, http://lorempixel.com/640/480
220, 90, http://lorempixel.com/640/480, http://lorempixel.com/640/480
221, 89, http://lorempixel.com/640/480, http://lorempixel.com/640/480
222, 89, http://lorempixel.com/640/480, http://lorempixel.com/640/480
223, 88, http://lorempixel.com/640/480, http://lorempixel.com/640/480
224, 88, http://lorempixel.com/640/480, http://lorempixel.com/640/480
225, 87, http://lorempixel.com/640/480, http://lorempixel.com/640/480
226, 87, http://lorempixel.com/640/480, http://lorempixel.com/640/480
227, 86, http://lorempixel.com/640/480, http://lorempixel.com/640/480
228, 86, http://lorempixel.com/640/480, http://lorempixel.com/640/480
229, 85, http://lorempixel.com/640/480, http://lorempixel.com/640/480
230, 85, http://lorempixel.com/640/480, http://lorempixel.com/640/480
231, 84, http://lorempixel.com/640/480, http://lorempixel.com/640/480
232, 84, http://lorempixel.com/640/480, http://lorempixel.com/640/480
233, 83, http://lorempixel.com/640/480, http://lorempixel.com/640/480
234, 83, http://lorempixel.com/640/480, http://lorempixel.com/640/480
235, 82, http://lorempixel.com/640/480, http://lorempixel.com/640/480
236, 82, http://lorempixel.com/640/480, http://lorempixel.com/640/480
237, 81, http://lorempixel.com/640/480, http://lorempixel.com/640/480
238, 81, http://lorempixel.com/640/480, http://lorempixel.com/640/480
239, 80, http://lorempixel.com/640/480, http://lorempixel.com/640/480
240, 80, http://lorempixel.com/640/480, http://lorempixel.com/640/480
241, 79, http://lorempixel.com/640/480, http://lorempixel.com/640/480
242, 79, http://lorempixel.com/640/480, http://lorempixel.com/640/480
243, 78, http://lorempixel.com/640/480, http://lorempixel.com/640/480
244, 78, http://lorempixel.com/640/480, http://lorempixel.com/640/480
245, 77, http://lorempixel.com/640/480, http://lorempixel.com/640/480
246, 77, http://lorempixel.com/640/480, http://lorempixel.com/640/480
247, 76, http://lorempixel.com/640/480, http://lorempixel.com/640/480
248, 76, http://lorempixel.com/640/480, http://lorempixel.com/640/480
249, 75, http://lorempixel.com/640/480, http://lorempixel.com/640/480
250, 75, http://lorempixel.com/640/480, http://lorempixel.com/640/480
251, 74, http://lorempixel.com/640/480, http://lorempixel.com/640/480
252, 74, http://lorempixel.com/640/480, http://lorempixel.com/640/480
253, 73, http://lorempixel.com/640/480, http://lorempixel.com/640/480
254, 73, http://lorempixel.com/640/480, http://lorempixel.com/640/480
255, 72, http://lorempixel.com/640/480, http://lorempixel.com/640/480
256, 72, http://lorempixel.com/640/480, http://lorempixel.com/640/480
257, 71, http://lorempixel.com/640/480, http://lorempixel.com/640/480
258, 71, http://lorempixel.com/640/480, http://lorempixel.com/640/480
259, 70, http://lorempixel.com/640/480, http://lorempixel.com/640/480
260, 70, http://lorempixel.com/640/480, http://lorempixel.com/640/480
261, 69, http://lorempixel.com/640/480, http://lorempixel.com/640/480
262, 69, http://lorempixel.com/640/480, http://lorempixel.com/640/480
263, 68, http://lorempixel.com/640/480, http://lorempixel.com/640/480
264, 68, http://lorempixel.com/640/480, http://lorempixel.com/640/480
265, 67, http://lorempixel.com/640/480, http://lorempixel.com/640/480
266, 67, http://lorempixel.com/640/480, http://lorempixel.com/640/480
267, 66, http://lorempixel.com/640/480, http://lorempixel.com/640/480
268, 66, http://lorempixel.com/640/480, http://lorempixel.com/640/480
269, 65, http://lorempixel.com/640/480, http://lorempixel.com/640/480
270, 65, http://lorempixel.com/640/480, http://lorempixel.com/640/480
271, 64, http://lorempixel.com/640/480, http://lorempixel.com/640/480
272, 64, http://lorempixel.com/640/480, http://lorempixel.com/640/480
273, 63, http://lorempixel.com/640/480, http://lorempixel.com/640/480
274, 63, http://lorempixel.com/640/480, http://lorempixel.com/640/480
275, 62, http://lorempixel.com/640/480, http://lorempixel.com/640/480
276, 62, http://lorempixel.com/640/480, http://lorempixel.com/640/480
277, 61, http://lorempixel.com/640/480, http://lorempixel.com/640/480
278, 61, http://lorempixel.com/640/480, http://lorempixel.com/640/480
279, 60, http://lorempixel.com/640/480, http://lorempixel.com/640/480
280, 60, http://lorempixel.com/640/480, http://lorempixel.com/640/480
281, 59, http://lorempixel.com/640/480, http://lorempixel.com/640/480
282, 59, http://lorempixel.com/640/480, http://lorempixel.com/640/480
283, 58, http://lorempixel.com/640/480, http://lorempixel.com/640/480
284, 58, http://lorempixel.com/640/480, http://lorempixel.com/640/480
285, 57, http://lorempixel.com/640/480, http://lorempixel.com/640/480
286, 57, http://lorempixel.com/640/480, http://lorempixel.com/640/480
287, 56, http://lorempixel.com/640/480, http://lorempixel.com/640/480
288, 56, http://lorempixel.com/640/480, http://lorempixel.com/640/480
289, 55, http://lorempixel.com/640/480, http://lorempixel.com/640/480
290, 55, http://lorempixel.com/640/480, http://lorempixel.com/640/480
291, 54, http://lorempixel.com/640/480, http://lorempixel.com/640/480
292, 54, http://lorempixel.com/640/480, http://lorempixel.com/640/480
293, 53, http://lorempixel.com/640/480, http://lorempixel.com/640/480
294, 53, http://lorempixel.com/640/480, http://lorempixel.com/640/480
295, 52, http://lorempixel.com/640/480, http://lorempixel.com/640/480
296, 52, http://lorempixel.com/640/480, http://lorempixel.com/640/480
297, 51, http://lorempixel.com/640/480, http://lorempixel.com/640/480
298, 51, http://lorempixel.com/640/480, http://lorempixel.com/640/480
299, 50, http://lorempixel.com/640/480, http://lorempixel.com/640/480
300, 50, http://lorempixel.com/640/480, http://lorempixel.com/640/480
301, 49, http://lorempixel.com/640/480, http://lorempixel.com/640/480
302, 49, http://lorempixel.com/640/480, http://lorempixel.com/640/480
303, 48, http://lorempixel.com/640/480, http://lorempixel.com/640/480
304, 48, http://lorempixel.com/640/480, http://lorempixel.com/640/480
305, 47, http://lorempixel.com/640/480, http://lorempixel.com/640/480
306, 47, http://lorempixel.com/640/480, http://lorempixel.com/640/480
307, 46, http://lorempixel.com/640/480, http://lorempixel.com/640/480
308, 46, http://lorempixel.com/640/480, http://lorempixel.com/640/480
309, 45, http://lorempixel.com/640/480, http://lorempixel.com/640/480
310, 45, http://lorempixel.com/640/480, http://lorempixel.com/640/480
311, 44, http://lorempixel.com/640/480, http://lorempixel.com/640/480
312, 44, http://lorempixel.com/640/480, http://lorempixel.com/640/480
313, 43, http://lorempixel.com/640/480, http://lorempixel.com/640/480
314, 43, http://lorempixel.com/640/480, http://lorempixel.com/640/480
315, 42, http://lorempixel.com/640/480, http://lorempixel.com/640/480
316, 42, http://lorempixel.com/640/480, http://lorempixel.com/640/480
317, 41, http://lorempixel.com/640/480, http://lorempixel.com/640/480
318, 41, http://lorempixel.com/640/480, http://lorempixel.com/640/480
319, 40, http://lorempixel.com/640/480, http://lorempixel.com/640/480
320, 40, http://lorempixel.com/640/480, http://lorempixel.com/640/480
321, 39, http://lorempixel.com/640/480, http://lorempixel.com/640/480
322, 39, http://lorempixel.com/640/480, http://lorempixel.com/640/480
323, 38, http://lorempixel.com/640/480, http://lorempixel.com/640/480
324, 38, http://lorempixel.com/640/480, http://lorempixel.com/640/480
325, 37, http://lorempixel.com/640/480, http://lorempixel.com/640/480
326, 37, http://lorempixel.com/640/480, http://lorempixel.com/640/480
327, 36, http://lorempixel.com/640/480, http://lorempixel.com/640/480
328, 36, http://lorempixel.com/640/480, http://lorempixel.com/640/480
329, 35, http://lorempixel.com/640/480, http://lorempixel.com/640/480
330, 35, http://lorempixel.com/640/480, http://lorempixel.com/640/480
331, 34, http://lorempixel.com/640/480, http://lorempixel.com/640/480
332, 34, http://lorempixel.com/640/480, http://lorempixel.com/640/480
333, 33, http://lorempixel.com/640/480, http://lorempixel.com/640/480
334, 33, http://lorempixel.com/640/480, http://lorempixel.com/640/480
335, 32, http://lorempixel.com/640/480, http://lorempixel.com/640/480
336, 32, http://lorempixel.com/640/480, http://lorempixel.com/640/480
337, 31, http://lorempixel.com/640/480, http://lorempixel.com/640/480
338, 31, http://lorempixel.com/640/480, http://lorempixel.com/640/480
339, 30, http://lorempixel.com/640/480, http://lorempixel.com/640/480
340, 30, http://lorempixel.com/640/480, http://lorempixel.com/640/480
341, 29, http://lorempixel.com/640/480, http://lorempixel.com/640/480
342, 29, http://lorempixel.com/640/480, http://lorempixel.com/640/480
343, 28, http://lorempixel.com/640/480, http://lorempixel.com/640/480
344, 28, http://lorempixel.com/640/480, http://lorempixel.com/640/480
345, 27, http://lorempixel.com/640/480, http://lorempixel.com/640/480
346, 27, http://lorempixel.com/640/480, http://lorempixel.com/640/480
347, 26, http://lorempixel.com/640/480, http://lorempixel.com/640/480
348, 26, http://lorempixel.com/640/480, http://lorempixel.com/640/480
349, 25, http://lorempixel.com/640/480, http://lorempixel.com/640/480
350, 25, http://lorempixel.com/640/480, http://lorempixel.com/640/480
351, 24, http://lorempixel.com/640/480, http://lorempixel.com/640/480
352, 24, http://lorempixel.com/640/480, http://lorempixel.com/640/480
353, 23, http://lorempixel.com/640/480, http://lorempixel.com/640/480
354, 23, http://lorempixel.com/640/480, http://lorempixel.com/640/480
355, 22, http://lorempixel.com/640/480, http://lorempixel.com/640/480
356, 22, http://lorempixel.com/640/480, http://lorempixel.com/640/480
357, 21, http://lorempixel.com/640/480, http://lorempixel.com/640/480
358, 21, http://lorempixel.com/640/480, http://lorempixel.com/640/480
359, 20, http://lorempixel.com/640/480, http://lorempixel.com/640/480
360, 20, http://lorempixel.com/640/480, http://lorempixel.com/640/480
361, 19, http://lorempixel.com/640/480, http://lorempixel.com/640/480
362, 19, http://lorempixel.com/640/480, http://lorempixel.com/640/480
363, 18, http://lorempixel.com/640/480, http://lorempixel.com/640/480
364, 18, http://lorempixel.com/640/480, http://lorempixel.com/640/480
365, 17, http://lorempixel.com/640/480, http://lorempixel.com/640/480
366, 17, http://lorempixel.com/640/480, http://lorempixel.com/640/480
367, 16, http://lorempixel.com/640/480, http://lorempixel.com/640/480
368, 16, http://lorempixel.com/640/480, http://lorempixel.com/640/480
369, 15, http://lorempixel.com/640/480, http://lorempixel.com/640/480
370, 15, http://lorempixel.com/640/480, http://lorempixel.com/640/480
371, 14, http://lorempixel.com/640/480, http://lorempixel.com/640/480
372, 14, http://lorempixel.com/640/480, http://lorempixel.com/640/480
373, 13, http://lorempixel.com/640/480, http://lorempixel.com/640/480
374, 13, http://lorempixel.com/640/480, http://lorempixel.com/640/480
375, 12, http://lorempixel.com/640/480, http://lorempixel.com/640/480
376, 12, http://lorempixel.com/640/480, http://lorempixel.com/640/480
377, 11, http://lorempixel.com/640/480, http://lorempixel.com/640/480
378, 11, http://lorempixel.com/640/480, http://lorempixel.com/640/480
379, 10, http://lorempixel.com/640/480, http://lorempixel.com/640/480
380, 10, http://lorempixel.com/640/480, http://lorempixel.com/640/480
381, 9, http://lorempixel.com/640/480, http://lorempixel.com/640/480
382, 9, http://lorempixel.com/640/480, http://lorempixel.com/640/480
383, 8, http://lorempixel.com/640/480, http://lorempixel.com/640/480
384, 8, http://lorempixel.com/640/480, http://lorempixel.com/640/480
385, 7, http://lorempixel.com/640/480, http://lorempixel.com/640/480
386, 7, http://lorempixel.com/640/480, http://lorempixel.com/640/480
387, 6, http://lorempixel.com/640/480, http://lorempixel.com/640/480
388, 6, http://lorempixel.com/640/480, http://lorempixel.com/640/480
389, 5, http://lorempixel.com/640/480, http://lorempixel.com/640/480
390, 5, http://lorempixel.com/640/480, http://lorempixel.com/640/480
391, 4, http://lorempixel.com/640/480, http://lorempixel.com/640/480
392, 4, http://lorempixel.com/640/480, http://lorempixel.com/640/480
393, 3, http://lorempixel.com/640/480, http://lorempixel.com/640/480
394, 3, http://lorempixel.com/640/480, http://lorempixel.com/640/480
395, 2, http://lorempixel.com/640/480, http://lorempixel.com/640/480
396, 2, http://lorempixel.com/640/480, http://lorempixel.com/640/480
397, 1, http://lorempixel.com/640/480, http://lorempixel.com/640/480
398, 1, http://lorempixel.com/640/480, http://lorempixel.com/640/480
399, 0, http://lorempixel.com/640/480, http://lorempixel.com/640/480
400, 0, http://lorempixel.com/640/480, http://lorempixel.com/640/480
